machine_id,metric,time_start_ms,time_end_ms
1,CPU usage [MHZ],1376314846,1376318146
1,CPU usage [MHZ],1376393453,1376393453
1,CPU usage [MHZ],1376397352,1376404253
1,CPU usage [MHZ],1376408754,1376424356
1,CPU usage [MHZ],1376458859,1376468159
1,CPU usage [MHZ],1376982412,1376983312
1,CPU usage [MHZ],1376986612,1376987512
1,CPU usage [MHZ],1377075132,1377075432
1,CPU usage [MHZ],1377875899,1377875899
1,CPU usage [MHZ],1378206530,1378207731
1,CPU usage [MHZ],1378209531,1378210731
1,CPU usage [MHZ],1378215231,1378216431
1,CPU usage [MHZ],1378372748,1378374847
1,CPU usage [MHZ],1378376948,1378377848
1,CPU usage [MHZ],1378383248,1378384449
1,CPU usage [MHZ],1378385349,1378387449
1,CPU usage [MHZ],1378391349,1378391649
1,CPU usage [MHZ],1378392549,1378395550
1,CPU usage [MHZ],1378446855,1378448055
1,CPU usage [MHZ],1378448955,1378450155
1,CPU usage [MHZ],1378460956,1378466957
1,CPU usage [MHZ],1378474457,1378474457
1,CPU usage [MHZ],1378475358,1378476558
1,CPU usage [MHZ],1378740283,1378764886
1,CPU usage [MHZ],1378798189,1378801489
1,CPU usage [MHZ],1378816190,1378816190
1,CPU usage [MHZ],1378898097,1378900497
1,CPU usage [%],1376314846,1376318146
1,CPU usage [%],1376393453,1376393453
1,CPU usage [%],1376397352,1376404253
1,CPU usage [%],1376408754,1376424356
1,CPU usage [%],1376458859,1376468159
1,CPU usage [%],1376982412,1376983312
1,CPU usage [%],1376986612,1376987512
1,CPU usage [%],1377075132,1377075432
1,CPU usage [%],1377875899,1377875899
1,CPU usage [%],1378206530,1378207731
1,CPU usage [%],1378209531,1378210731
1,CPU usage [%],1378215231,1378216431
1,CPU usage [%],1378372748,1378374847
1,CPU usage [%],1378376948,1378377848
1,CPU usage [%],1378383248,1378384449
1,CPU usage [%],1378385349,1378387449
1,CPU usage [%],1378391349,1378391649
1,CPU usage [%],1378392549,1378395550
1,CPU usage [%],1378446855,1378448055
1,CPU usage [%],1378448955,1378450155
1,CPU usage [%],1378460956,1378466957
1,CPU usage [%],1378474457,1378474457
1,CPU usage [%],1378475358,1378476558
1,CPU usage [%],1378740283,1378764886
1,CPU usage [%],1378798189,1378801489
1,CPU usage [%],1378816190,1378816190
1,CPU usage [%],1378898097,1378900497
1,Memory usage [KB],1376314846,1376318446
1,Memory usage [KB],1376397652,1376404253
1,Memory usage [KB],1376409054,1376424956
1,Memory usage [KB],1376459159,1376468459
1,Memory usage [KB],1376983012,1376983612
1,Memory usage [KB],1376986912,1376987812
1,Memory usage [KB],1378207131,1378208031
1,Memory usage [KB],1378209531,1378211031
1,Memory usage [KB],1378215231,1378216731
1,Memory usage [KB],1378373047,1378375147
1,Memory usage [KB],1378377248,1378378448
1,Memory usage [KB],1378383548,1378384749
1,Memory usage [KB],1378385649,1378385649
1,Memory usage [KB],1378386249,1378387749
1,Memory usage [KB],1378391349,1378391949
1,Memory usage [KB],1378392849,1378396150
1,Memory usage [KB],1378447155,1378448655
1,Memory usage [KB],1378449255,1378450755
1,Memory usage [KB],1378460956,1378467557
1,Memory usage [KB],1378475658,1378477158
1,Memory usage [KB],1378741483,1378741783
1,Memory usage [KB],1378742984,1378742984
1,Memory usage [KB],1378743584,1378743584
1,Memory usage [KB],1378744184,1378744484
1,Memory usage [KB],1378745384,1378745684
1,Memory usage [KB],1378746584,1378757085
1,Memory usage [KB],1378757685,1378757985
1,Memory usage [KB],1378758585,1378759485
1,Memory usage [KB],1378760085,1378760385
1,Memory usage [KB],1378760985,1378762185
1,Memory usage [KB],1378762786,1378763086
1,Memory usage [KB],1378763686,1378764286
1,Memory usage [KB],1378764886,1378765186
1,Memory usage [KB],1378798489,1378798489
1,Memory usage [KB],1378799388,1378802089
1,Disk read throughput [KB/s],1376524865,1376524865
1,Disk read throughput [KB/s],1378741783,1378744484
1,Disk read throughput [KB/s],1378745084,1378745084
1,Disk read throughput [KB/s],1378748984,1378750784
1,Disk read throughput [KB/s],1378751384,1378754385
1,Disk read throughput [KB/s],1378755585,1378755585
1,Disk read throughput [KB/s],1378757985,1378760385
1,Disk write throughput [KB/s],1376314846,1376316946
1,Disk write throughput [KB/s],1376397652,1376398552
1,Disk write throughput [KB/s],1376399153,1376403953
1,Disk write throughput [KB/s],1376408754,1376424356
1,Disk write throughput [KB/s],1376459159,1376461258
1,Disk write throughput [KB/s],1376461858,1376468159
1,Disk write throughput [KB/s],1378206530,1378207731
1,Disk write throughput [KB/s],1378209531,1378210731
1,Disk write throughput [KB/s],1378215231,1378216431
1,Disk write throughput [KB/s],1378373047,1378374847
1,Disk write throughput [KB/s],1378383248,1378384449
1,Disk write throughput [KB/s],1378385649,1378387449
1,Disk write throughput [KB/s],1378391349,1378391649
1,Disk write throughput [KB/s],1378392849,1378393749
1,Disk write throughput [KB/s],1378394350,1378395550
1,Disk write throughput [KB/s],1378446855,1378448355
1,Disk write throughput [KB/s],1378448955,1378450455
1,Disk write throughput [KB/s],1378460956,1378466957
1,Disk write throughput [KB/s],1378475658,1378476858
1,Disk write throughput [KB/s],1378740883,1378742684
1,Disk write throughput [KB/s],1378743884,1378743884
1,Disk write throughput [KB/s],1378745084,1378745384
1,Disk write throughput [KB/s],1378746584,1378755885
1,Disk write throughput [KB/s],1378756485,1378756785
1,Disk write throughput [KB/s],1378757385,1378758285
1,Disk write throughput [KB/s],1378759185,1378759185
1,Disk write throughput [KB/s],1378760085,1378760085
1,Disk write throughput [KB/s],1378760985,1378760985
1,Disk write throughput [KB/s],1378761585,1378761885
1,Disk write throughput [KB/s],1378762485,1378762786
1,Disk write throughput [KB/s],1378763386,1378763686
1,Disk write throughput [KB/s],1378764586,1378764886
1,Disk write throughput [KB/s],1378798189,1378801789
1,Network received throughput [KB/s],1376315446,1376315746
1,Network received throughput [KB/s],1376316946,1376316946
1,Network received throughput [KB/s],1376318146,1376318146
1,Network received throughput [KB/s],1376390452,1376390452
1,Network received throughput [KB/s],1376393453,1376393453
1,Network received throughput [KB/s],1376397352,1376397352
1,Network received throughput [KB/s],1376398853,1376398853
1,Network received throughput [KB/s],1376400053,1376400053
1,Network received throughput [KB/s],1376401553,1376401553
1,Network received throughput [KB/s],1376402753,1376402753
1,Network received throughput [KB/s],1376403953,1376403953
1,Network received throughput [KB/s],1376408454,1376408454
1,Network received throughput [KB/s],1376409954,1376409954
1,Network received throughput [KB/s],1376411454,1376411454
1,Network received throughput [KB/s],1376412654,1376412954
1,Network received throughput [KB/s],1376414155,1376414155
1,Network received throughput [KB/s],1376415655,1376415655
1,Network received throughput [KB/s],1376417155,1376417155
1,Network received throughput [KB/s],1376418355,1376418355
1,Network received throughput [KB/s],1376419855,1376419855
1,Network received throughput [KB/s],1376421355,1376421355
1,Network received throughput [KB/s],1376422856,1376422856
1,Network received throughput [KB/s],1376458859,1376458859
1,Network received throughput [KB/s],1376460059,1376460059
1,Network received throughput [KB/s],1376461558,1376461558
1,Network received throughput [KB/s],1376462758,1376462758
1,Network received throughput [KB/s],1376463959,1376464259
1,Network received throughput [KB/s],1376465459,1376465459
1,Network received throughput [KB/s],1376466659,1376466659
1,Network received throughput [KB/s],1376982412,1376982412
1,Network received throughput [KB/s],1376986612,1376986612
1,Network received throughput [KB/s],1377075132,1377075132
1,Network received throughput [KB/s],1377875899,1377875899
1,Network received throughput [KB/s],1378206230,1378206230
1,Network received throughput [KB/s],1378208931,1378209231
1,Network received throughput [KB/s],1378214931,1378215231
1,Network received throughput [KB/s],1378372148,1378372148
1,Network received throughput [KB/s],1378372748,1378372748
1,Network received throughput [KB/s],1378374247,1378374247
1,Network received throughput [KB/s],1378376948,1378376948
1,Network received throughput [KB/s],1378382948,1378382948
1,Network received throughput [KB/s],1378385349,1378385349
1,Network received throughput [KB/s],1378386849,1378386849
1,Network received throughput [KB/s],1378391049,1378391049
1,Network received throughput [KB/s],1378392549,1378392549
1,Network received throughput [KB/s],1378394050,1378394050
1,Network received throughput [KB/s],1378446554,1378446855
1,Network received throughput [KB/s],1378448655,1378448955
1,Network received throughput [KB/s],1378460656,1378460656
1,Network received throughput [KB/s],1378462456,1378462456
1,Network received throughput [KB/s],1378463957,1378463957
1,Network received throughput [KB/s],1378465457,1378465457
1,Network received throughput [KB/s],1378474157,1378474457
1,Network received throughput [KB/s],1378475358,1378475358
1,Network received throughput [KB/s],1378740283,1378740283
1,Network received throughput [KB/s],1378746584,1378746884
1,Network received throughput [KB/s],1378755885,1378755885
1,Network received throughput [KB/s],1378756785,1378756785
1,Network received throughput [KB/s],1378760985,1378760985
1,Network received throughput [KB/s],1378761885,1378761885
1,Network received throughput [KB/s],1378762786,1378762786
1,Network received throughput [KB/s],1378763686,1378764286
1,Network received throughput [KB/s],1378798189,1378798189
1,Network received throughput [KB/s],1378799688,1378799688
1,Network received throughput [KB/s],1378816190,1378816190
1,Network received throughput [KB/s],1378817390,1378817990
1,Network received throughput [KB/s],1378882496,1378883696
1,Network received throughput [KB/s],1378891497,1378892397
1,Network received throughput [KB/s],1378897197,1378900197
1,Network transmitted throughput [KB/s],1376393453,1376393453
1,Network transmitted throughput [KB/s],1376403953,1376403953
1,Network transmitted throughput [KB/s],1376987512,1376987512
1,Network transmitted throughput [KB/s],1378377848,1378378148
1,Network transmitted throughput [KB/s],1378384149,1378384449
1,Network transmitted throughput [KB/s],1378386549,1378386849
1,Network transmitted throughput [KB/s],1378387449,1378387449
1,Network transmitted throughput [KB/s],1378391649,1378391649
1,Network transmitted throughput [KB/s],1378395550,1378395550
1,Network transmitted throughput [KB/s],1378448055,1378448355
1,Network transmitted throughput [KB/s],1378450155,1378450455
1,Network transmitted throughput [KB/s],1378462156,1378462456
1,Network transmitted throughput [KB/s],1378463657,1378463957
1,Network transmitted throughput [KB/s],1378465157,1378465457
1,Network transmitted throughput [KB/s],1378466957,1378466957
1,Network transmitted throughput [KB/s],1378476558,1378476858
1,Network transmitted throughput [KB/s],1378817390,1378817690
1,Network transmitted throughput [KB/s],1378824891,1378824891
1,Network transmitted throughput [KB/s],1378825491,1378825491
1,Network transmitted throughput [KB/s],1378882496,1378882796
1,Network transmitted throughput [KB/s],1378883396,1378883396
1,Network transmitted throughput [KB/s],1378891497,1378892097
2,CPU cores,1377617279,1377780492
2,CPU capacity provisioned [MHZ],1377617279,1377780492
2,CPU usage [MHZ],1377617879,1377627179
2,CPU usage [MHZ],1377696184,1377697685
2,CPU usage [MHZ],1377699185,1377701285
2,CPU usage [MHZ],1377768791,1377768791
2,CPU usage [MHZ],1377770891,1377770891
2,CPU usage [%],1377617879,1377627179
2,CPU usage [%],1377696184,1377697685
2,CPU usage [%],1377699185,1377701285
2,CPU usage [%],1377768791,1377768791
2,CPU usage [%],1377770891,1377770891
2,Memory capacity provisioned [KB],1377617279,1377781092
2,Memory usage [KB],1377617279,1377627479
2,Memory usage [KB],1377666483,1377666783
2,Memory usage [KB],1377696484,1377697985
2,Memory usage [KB],1377699185,1377701885
2,Memory usage [KB],1377723186,1377723186
2,Memory usage [KB],1377764890,1377764890
2,Memory usage [KB],1377768791,1377768791
2,Memory usage [KB],1377770891,1377770891
2,Memory usage [KB],1377778992,1377778992
2,Disk read throughput [KB/s],1377617279,1377618779
2,Disk read throughput [KB/s],1377666483,1377666483
2,Disk read throughput [KB/s],1377722886,1377722886
2,Disk read throughput [KB/s],1377731288,1377731288
2,Disk read throughput [KB/s],1377778692,1377778692
2,Disk write throughput [KB/s],1377617579,1377625079
2,Network received throughput [KB/s],1377617579,1377617879
2,Network received throughput [KB/s],1377625079,1377625379
2,Network received throughput [KB/s],1377626279,1377627179
2,Network received throughput [KB/s],1377696184,1377696184
2,Network received throughput [KB/s],1377699185,1377699185
2,Network received throughput [KB/s],1377764590,1377764590
2,Network received throughput [KB/s],1377768491,1377768791
2,Network received throughput [KB/s],1377770591,1377770591
2,Network transmitted throughput [KB/s],1377617579,1377618779
2,Network transmitted throughput [KB/s],1377621179,1377621179
2,Network transmitted throughput [KB/s],1377623579,1377623579
2,Network transmitted throughput [KB/s],1377624779,1377627179
2,Network transmitted throughput [KB/s],1377696184,1377697685
2,Network transmitted throughput [KB/s],1377699185,1377701285
2,Network transmitted throughput [KB/s],1377764590,1377764890
2,Network transmitted throughput [KB/s],1377768791,1377768791
2,Network transmitted throughput [KB/s],1377770891,1377770891
3,CPU usage [MHZ],1376417755,1376417755
3,CPU usage [MHZ],1376460959,1376460959
3,CPU usage [MHZ],1376507763,1376507763
3,CPU usage [MHZ],1376520365,1376520365
3,CPU usage [MHZ],1376557868,1376557868
3,CPU usage [MHZ],1376612472,1376612472
3,CPU usage [MHZ],1376703081,1376703081
3,CPU usage [MHZ],1376868701,1376868701
3,CPU usage [MHZ],1376923606,1376923606
3,CPU usage [MHZ],1376981212,1376981212
3,CPU usage [MHZ],1377031627,1377031627
3,CPU usage [MHZ],1377135438,1377135438
3,CPU usage [MHZ],1377194543,1377194543
3,CPU usage [MHZ],1377243148,1377243148
3,CPU usage [MHZ],1377493368,1377493368
3,CPU usage [MHZ],1377594777,1377594777
3,CPU usage [MHZ],1377617279,1377634080
3,CPU usage [MHZ],1377780792,1377780792
3,CPU usage [MHZ],1377856097,1377856097
3,CPU usage [MHZ],1377907702,1377907702
3,CPU usage [MHZ],1377963507,1377963507
3,CPU usage [MHZ],1378000110,1378000110
3,CPU usage [MHZ],1378012111,1378012111
3,CPU usage [MHZ],1378043915,1378043915
3,CPU usage [MHZ],1378045115,1378045115
3,CPU usage [MHZ],1378068517,1378068517
3,CPU usage [MHZ],1378125822,1378125822
3,CPU usage [MHZ],1378150724,1378150724
3,CPU usage [MHZ],1378430953,1378430953
3,CPU usage [MHZ],1378725582,1378725582
3,CPU usage [MHZ],1378753185,1378753185
3,CPU usage [MHZ],1378800289,1378800289
3,CPU usage [MHZ],1378824591,1378840192
3,CPU usage [MHZ],1378853094,1378853094
3,CPU usage [MHZ],1378906798,1378906798
3,CPU usage [%],1376417755,1376417755
3,CPU usage [%],1376460959,1376460959
3,CPU usage [%],1376507763,1376507763
3,CPU usage [%],1376520365,1376520365
3,CPU usage [%],1376557868,1376557868
3,CPU usage [%],1376612472,1376612472
3,CPU usage [%],1376703081,1376703081
3,CPU usage [%],1376868701,1376868701
3,CPU usage [%],1376923606,1376923606
3,CPU usage [%],1376981212,1376981212
3,CPU usage [%],1377031627,1377031627
3,CPU usage [%],1377135438,1377135438
3,CPU usage [%],1377194543,1377194543
3,CPU usage [%],1377243148,1377243148
3,CPU usage [%],1377493368,1377493368
3,CPU usage [%],1377594777,1377594777
3,CPU usage [%],1377617279,1377634080
3,CPU usage [%],1377780792,1377780792
3,CPU usage [%],1377856097,1377856097
3,CPU usage [%],1377907702,1377907702
3,CPU usage [%],1377963507,1377963507
3,CPU usage [%],1378000110,1378000110
3,CPU usage [%],1378012111,1378012111
3,CPU usage [%],1378043915,1378043915
3,CPU usage [%],1378045115,1378045115
3,CPU usage [%],1378068517,1378068517
3,CPU usage [%],1378125822,1378125822
3,CPU usage [%],1378150724,1378150724
3,CPU usage [%],1378430953,1378430953
3,CPU usage [%],1378725582,1378725582
3,CPU usage [%],1378753185,1378753185
3,CPU usage [%],1378800289,1378800289
3,CPU usage [%],1378824591,1378840192
3,CPU usage [%],1378853094,1378853094
3,CPU usage [%],1378906798,1378906798
3,Memory usage [KB],1376346948,1376346948
3,Memory usage [KB],1376357449,1376357749
3,Memory usage [KB],1376383251,1376383251
3,Memory usage [KB],1376390152,1376390152
3,Memory usage [KB],1376391352,1376391352
3,Memory usage [KB],1376411154,1376411754
3,Memory usage [KB],1376443857,1376443857
3,Memory usage [KB],1376460959,1376461258
3,Memory usage [KB],1376507763,1376508063
3,Memory usage [KB],1376518565,1376518565
3,Memory usage [KB],1376530266,1376530566
3,Memory usage [KB],1376557868,1376558468
3,Memory usage [KB],1376575569,1376575569
3,Memory usage [KB],1376577669,1376577669
3,Memory usage [KB],1376612472,1376612472
3,Memory usage [KB],1376620273,1376620273
3,Memory usage [KB],1376629573,1376629573
3,Memory usage [KB],1376659276,1376659276
3,Memory usage [KB],1376663176,1376663176
3,Memory usage [KB],1376666477,1376666477
3,Memory usage [KB],1376668277,1376668277
3,Memory usage [KB],1376677278,1376677278
3,Memory usage [KB],1376690779,1376690779
3,Memory usage [KB],1376695280,1376695280
3,Memory usage [KB],1376697680,1376697680
3,Memory usage [KB],1376720782,1376720782
3,Memory usage [KB],1376760686,1376760686
3,Memory usage [KB],1376769687,1376769987
3,Memory usage [KB],1376773887,1376773887
3,Memory usage [KB],1376790392,1376790392
3,Memory usage [KB],1376802993,1376802993
3,Memory usage [KB],1376821294,1376821594
3,Memory usage [KB],1376868701,1376869001
3,Memory usage [KB],1376875001,1376875001
3,Memory usage [KB],1376876201,1376876201
3,Memory usage [KB],1376888202,1376888202
3,Memory usage [KB],1376904704,1376904704
3,Memory usage [KB],1376907704,1376907704
3,Memory usage [KB],1376912505,1376912505
3,Memory usage [KB],1376923906,1376923906
3,Memory usage [KB],1376943708,1376943708
3,Memory usage [KB],1376949408,1376949408
3,Memory usage [KB],1376958710,1376958710
3,Memory usage [KB],1376961710,1376961710
3,Memory usage [KB],1376962611,1376962611
3,Memory usage [KB],1376981212,1376981512
3,Memory usage [KB],1376994724,1376994724
3,Memory usage [KB],1377031627,1377031927
3,Memory usage [KB],1377054430,1377054430
3,Memory usage [KB],1377080832,1377081432
3,Memory usage [KB],1377114435,1377114435
3,Memory usage [KB],1377122537,1377122537
3,Memory usage [KB],1377132438,1377132438
3,Memory usage [KB],1377135438,1377135438
3,Memory usage [KB],1377138138,1377138438
3,Memory usage [KB],1377144438,1377144438
3,Memory usage [KB],1377149238,1377149238
3,Memory usage [KB],1377194843,1377194843
3,Memory usage [KB],1377196343,1377196343
3,Memory usage [KB],1377198443,1377198443
3,Memory usage [KB],1377222146,1377222446
3,Memory usage [KB],1377240447,1377240447
3,Memory usage [KB],1377243448,1377243448
3,Memory usage [KB],1377270449,1377270449
3,Memory usage [KB],1377287251,1377287251
3,Memory usage [KB],1377295051,1377295352
3,Memory usage [KB],1377312453,1377312453
3,Memory usage [KB],1377335555,1377335555
3,Memory usage [KB],1377342456,1377342456
3,Memory usage [KB],1377389560,1377390160
3,Memory usage [KB],1377394961,1377394961
3,Memory usage [KB],1377396161,1377396161
3,Memory usage [KB],1377397961,1377397961
3,Memory usage [KB],1377399161,1377399161
3,Memory usage [KB],1377405162,1377405162
3,Memory usage [KB],1377422264,1377422264
3,Memory usage [KB],1377426763,1377426763
3,Memory usage [KB],1377435164,1377435164
3,Memory usage [KB],1377439364,1377439364
3,Memory usage [KB],1377445365,1377445365
3,Memory usage [KB],1377450165,1377450165
3,Memory usage [KB],1377457066,1377457066
3,Memory usage [KB],1377468167,1377468167
3,Memory usage [KB],1377486168,1377486168
3,Memory usage [KB],1377493368,1377493368
3,Memory usage [KB],1377507170,1377507170
3,Memory usage [KB],1377532072,1377532072
3,Memory usage [KB],1377542573,1377542573
3,Memory usage [KB],1377545573,1377545573
3,Memory usage [KB],1377558174,1377558174
3,Memory usage [KB],1377559074,1377559074
3,Memory usage [KB],1377560874,1377560874
3,Memory usage [KB],1377565374,1377565374
3,Memory usage [KB],1377568075,1377568075
3,Memory usage [KB],1377581576,1377581576
3,Memory usage [KB],1377589676,1377589676
3,Memory usage [KB],1377594777,1377594777
3,Memory usage [KB],1377596877,1377596877
3,Memory usage [KB],1377608578,1377608578
3,Memory usage [KB],1377611878,1377611878
3,Memory usage [KB],1377614879,1377614879
3,Memory usage [KB],1377617279,1377617879
3,Memory usage [KB],1377620279,1377620279
3,Memory usage [KB],1377623279,1377623279
3,Memory usage [KB],1377624779,1377624779
3,Memory usage [KB],1377625979,1377625979
3,Memory usage [KB],1377627479,1377627479
3,Memory usage [KB],1377628679,1377628679
3,Memory usage [KB],1377631080,1377631380
3,Memory usage [KB],1377640081,1377640081
3,Memory usage [KB],1377643081,1377643081
3,Memory usage [KB],1377645481,1377645481
3,Memory usage [KB],1377647881,1377648181
3,Memory usage [KB],1377651782,1377651782
3,Memory usage [KB],1377656882,1377656882
3,Memory usage [KB],1377667083,1377667083
3,Memory usage [KB],1377672483,1377672783
3,Memory usage [KB],1377684484,1377684484
3,Memory usage [KB],1377699485,1377699485
3,Memory usage [KB],1377700385,1377700385
3,Memory usage [KB],1377703685,1377704285
3,Memory usage [KB],1377725587,1377725887
3,Memory usage [KB],1377731888,1377731888
3,Memory usage [KB],1377741789,1377741789
3,Memory usage [KB],1377743589,1377743589
3,Memory usage [KB],1377758290,1377758890
3,Memory usage [KB],1377764290,1377764290
3,Memory usage [KB],1377767891,1377767891
3,Memory usage [KB],1377775991,1377775991
3,Memory usage [KB],1377780792,1377781092
3,Memory usage [KB],1377784992,1377784992
3,Memory usage [KB],1377793092,1377793092
3,Memory usage [KB],1377802993,1377802993
3,Memory usage [KB],1377803893,1377803893
3,Memory usage [KB],1377807194,1377807494
3,Memory usage [KB],1377811994,1377811994
3,Memory usage [KB],1377823694,1377823994
3,Memory usage [KB],1377838996,1377838996
3,Memory usage [KB],1377844396,1377844396
3,Memory usage [KB],1377855797,1377856397
3,Memory usage [KB],1377859697,1377859697
3,Memory usage [KB],1377877699,1377877699
3,Memory usage [KB],1377886700,1377886700
3,Memory usage [KB],1377891200,1377891200
3,Memory usage [KB],1377892700,1377892700
3,Memory usage [KB],1377898401,1377898701
3,Memory usage [KB],1377904702,1377904702
3,Memory usage [KB],1377906502,1377906502
3,Memory usage [KB],1377907702,1377908002
3,Memory usage [KB],1377913702,1377913702
3,Memory usage [KB],1377925403,1377925403
3,Memory usage [KB],1377938004,1377938004
3,Memory usage [KB],1377943405,1377943405
3,Memory usage [KB],1377947006,1377947006
3,Memory usage [KB],1377950605,1377950605
3,Memory usage [KB],1377952405,1377952405
3,Memory usage [KB],1377955106,1377955106
3,Memory usage [KB],1377961406,1377961406
3,Memory usage [KB],1377962307,1377962307
3,Memory usage [KB],1377963807,1377964407
3,Memory usage [KB],1377973407,1377973407
3,Memory usage [KB],1377985708,1377985708
3,Memory usage [KB],1377997409,1377997409
3,Memory usage [KB],1378000110,1378000110
3,Memory usage [KB],1378006110,1378006410
3,Memory usage [KB],1378009111,1378009111
3,Memory usage [KB],1378012111,1378012411
3,Memory usage [KB],1378018111,1378018111
3,Memory usage [KB],1378027112,1378027112
3,Memory usage [KB],1378035214,1378035214
3,Memory usage [KB],1378036114,1378036114
3,Memory usage [KB],1378039714,1378039714
3,Memory usage [KB],1378045115,1378045115
3,Memory usage [KB],1378054115,1378054115
3,Memory usage [KB],1378068517,1378068517
3,Memory usage [KB],1378070317,1378070317
3,Memory usage [KB],1378072118,1378072118
3,Memory usage [KB],1378076618,1378076618
3,Memory usage [KB],1378081118,1378081118
3,Memory usage [KB],1378099119,1378099119
3,Memory usage [KB],1378100920,1378100920
3,Memory usage [KB],1378114121,1378114121
3,Memory usage [KB],1378125822,1378126122
3,Memory usage [KB],1378134223,1378134223
3,Memory usage [KB],1378153125,1378153125
3,Memory usage [KB],1378178927,1378178927
3,Memory usage [KB],1378179528,1378179528
3,Memory usage [KB],1378182828,1378182828
3,Memory usage [KB],1378227533,1378227833
3,Memory usage [KB],1378242234,1378242234
3,Memory usage [KB],1378245834,1378245834
3,Memory usage [KB],1378269838,1378269838
3,Memory usage [KB],1378285139,1378285439
3,Memory usage [KB],1378299841,1378299841
3,Memory usage [KB],1378302841,1378302841
3,Memory usage [KB],1378319642,1378319642
3,Memory usage [KB],1378326843,1378326843
3,Memory usage [KB],1378333444,1378334044
3,Memory usage [KB],1378344845,1378344845
3,Memory usage [KB],1378362847,1378362847
3,Memory usage [KB],1378380248,1378380548
3,Memory usage [KB],1378398850,1378398850
3,Memory usage [KB],1378401550,1378401550
3,Memory usage [KB],1378406950,1378406950
3,Memory usage [KB],1378425853,1378425853
3,Memory usage [KB],1378428553,1378428553
3,Memory usage [KB],1378431253,1378431253
3,Memory usage [KB],1378437554,1378437554
3,Memory usage [KB],1378446554,1378446554
3,Memory usage [KB],1378449555,1378449555
3,Memory usage [KB],1378458556,1378458556
3,Memory usage [KB],1378461556,1378461556
3,Memory usage [KB],1378473557,1378473557
3,Memory usage [KB],1378476558,1378476558
3,Memory usage [KB],1378478058,1378478058
3,Memory usage [KB],1378485559,1378485559
3,Memory usage [KB],1378491559,1378491559
3,Memory usage [KB],1378509561,1378509561
3,Memory usage [KB],1378527562,1378527562
3,Memory usage [KB],1378529662,1378530263
3,Memory usage [KB],1378563566,1378563566
3,Memory usage [KB],1378572566,1378572566
3,Memory usage [KB],1378578567,1378578567
3,Memory usage [KB],1378581567,1378581567
3,Memory usage [KB],1378585168,1378585168
3,Memory usage [KB],1378586368,1378586368
3,Memory usage [KB],1378587568,1378587568
3,Memory usage [KB],1378605269,1378605269
3,Memory usage [KB],1378625672,1378625672
3,Memory usage [KB],1378640973,1378640973
3,Memory usage [KB],1378671576,1378671576
3,Memory usage [KB],1378674277,1378674277
3,Memory usage [KB],1378692579,1378692579
3,Memory usage [KB],1378696479,1378696479
3,Memory usage [KB],1378716581,1378716581
3,Memory usage [KB],1378737283,1378737283
3,Memory usage [KB],1378746284,1378746284
3,Memory usage [KB],1378753485,1378753485
3,Memory usage [KB],1378761285,1378761285
3,Memory usage [KB],1378764286,1378764286
3,Memory usage [KB],1378775986,1378775986
3,Memory usage [KB],1378800289,1378800589
3,Memory usage [KB],1378808990,1378808990
3,Memory usage [KB],1378811990,1378811990
3,Memory usage [KB],1378824591,1378824891
3,Memory usage [KB],1378826691,1378826691
3,Memory usage [KB],1378832091,1378832091
3,Memory usage [KB],1378834792,1378834792
3,Memory usage [KB],1378851893,1378851893
3,Memory usage [KB],1378853394,1378853394
3,Memory usage [KB],1378855194,1378855194
3,Memory usage [KB],1378857594,1378857894
3,Memory usage [KB],1378860594,1378860594
3,Memory usage [KB],1378864794,1378864794
3,Memory usage [KB],1378872295,1378872295
3,Memory usage [KB],1378886696,1378886696
3,Memory usage [KB],1378898397,1378898397
3,Memory usage [KB],1378906798,1378906798
3,Disk read throughput [KB/s],1376357149,1376357149
3,Disk read throughput [KB/s],1376410854,1376410854
3,Disk read throughput [KB/s],1376411454,1376411454
3,Disk read throughput [KB/s],1376443857,1376443857
3,Disk read throughput [KB/s],1376460959,1376460959
3,Disk read throughput [KB/s],1376507763,1376507763
3,Disk read throughput [KB/s],1376520365,1376520365
3,Disk read throughput [KB/s],1376530266,1376530266
3,Disk read throughput [KB/s],1376557868,1376557868
3,Disk read throughput [KB/s],1376612472,1376612472
3,Disk read throughput [KB/s],1376613072,1376613072
3,Disk read throughput [KB/s],1376616672,1376616672
3,Disk read throughput [KB/s],1376662876,1376662876
3,Disk read throughput [KB/s],1376663477,1376663477
3,Disk read throughput [KB/s],1376703081,1376703081
3,Disk read throughput [KB/s],1376720482,1376720482
3,Disk read throughput [KB/s],1376721082,1376721082
3,Disk read throughput [KB/s],1376773587,1376773587
3,Disk read throughput [KB/s],1376774187,1376774187
3,Disk read throughput [KB/s],1376789491,1376789491
3,Disk read throughput [KB/s],1376821294,1376821294
3,Disk read throughput [KB/s],1376821894,1376821894
3,Disk read throughput [KB/s],1376868701,1376868701
3,Disk read throughput [KB/s],1376875901,1376875901
3,Disk read throughput [KB/s],1376923606,1376923606
3,Disk read throughput [KB/s],1376924206,1376924206
3,Disk read throughput [KB/s],1376962611,1376962611
3,Disk read throughput [KB/s],1376963211,1376963211
3,Disk read throughput [KB/s],1376981212,1376981212
3,Disk read throughput [KB/s],1377031627,1377031627
3,Disk read throughput [KB/s],1377049029,1377049029
3,Disk read throughput [KB/s],1377049629,1377049629
3,Disk read throughput [KB/s],1377080532,1377080532
3,Disk read throughput [KB/s],1377081132,1377081132
3,Disk read throughput [KB/s],1377123737,1377123737
3,Disk read throughput [KB/s],1377135438,1377135438
3,Disk read throughput [KB/s],1377136038,1377136038
3,Disk read throughput [KB/s],1377138138,1377138138
3,Disk read throughput [KB/s],1377138738,1377138738
3,Disk read throughput [KB/s],1377194543,1377194543
3,Disk read throughput [KB/s],1377221846,1377221846
3,Disk read throughput [KB/s],1377222446,1377222446
3,Disk read throughput [KB/s],1377243148,1377243148
3,Disk read throughput [KB/s],1377295051,1377295051
3,Disk read throughput [KB/s],1377308253,1377308253
3,Disk read throughput [KB/s],1377308853,1377308853
3,Disk read throughput [KB/s],1377342156,1377342156
3,Disk read throughput [KB/s],1377343056,1377343056
3,Disk read throughput [KB/s],1377389560,1377389560
3,Disk read throughput [KB/s],1377394661,1377394661
3,Disk read throughput [KB/s],1377395261,1377395261
3,Disk read throughput [KB/s],1377444165,1377444165
3,Disk read throughput [KB/s],1377444765,1377444765
3,Disk read throughput [KB/s],1377481368,1377481368
3,Disk read throughput [KB/s],1377493368,1377493368
3,Disk read throughput [KB/s],1377542573,1377542573
3,Disk read throughput [KB/s],1377567775,1377567775
3,Disk read throughput [KB/s],1377594777,1377594777
3,Disk read throughput [KB/s],1377647581,1377647581
3,Disk read throughput [KB/s],1377654182,1377654182
3,Disk read throughput [KB/s],1377703685,1377703685
3,Disk read throughput [KB/s],1377740589,1377740589
3,Disk read throughput [KB/s],1377758290,1377758290
3,Disk read throughput [KB/s],1377806894,1377806894
3,Disk read throughput [KB/s],1377807494,1377807494
3,Disk read throughput [KB/s],1377826995,1377826995
3,Disk read throughput [KB/s],1377856097,1377856097
3,Disk read throughput [KB/s],1377856697,1377856697
3,Disk read throughput [KB/s],1377907702,1377907702
3,Disk read throughput [KB/s],1377913402,1377913402
3,Disk read throughput [KB/s],1377963507,1377963507
3,Disk read throughput [KB/s],1377989008,1377989008
3,Disk read throughput [KB/s],1378000110,1378000110
3,Disk read throughput [KB/s],1378000710,1378000710
3,Disk read throughput [KB/s],1378012111,1378012111
3,Disk read throughput [KB/s],1378068517,1378068517
3,Disk read throughput [KB/s],1378069117,1378069117
3,Disk read throughput [KB/s],1378086518,1378086518
3,Disk read throughput [KB/s],1378087118,1378087118
3,Disk read throughput [KB/s],1378125822,1378125822
3,Disk read throughput [KB/s],1378172927,1378172927
3,Disk read throughput [KB/s],1378173527,1378173527
3,Disk read throughput [KB/s],1378179227,1378179227
3,Disk read throughput [KB/s],1378179828,1378179828
3,Disk read throughput [KB/s],1378227533,1378227533
3,Disk read throughput [KB/s],1378259336,1378259336
3,Disk read throughput [KB/s],1378259936,1378259936
3,Disk read throughput [KB/s],1378285139,1378285139
3,Disk read throughput [KB/s],1378333444,1378333444
3,Disk read throughput [KB/s],1378345745,1378345745
3,Disk read throughput [KB/s],1378346345,1378346345
3,Disk read throughput [KB/s],1378380248,1378380248
3,Disk read throughput [KB/s],1378430953,1378430953
3,Disk read throughput [KB/s],1378432153,1378432153
3,Disk read throughput [KB/s],1378432753,1378432753
3,Disk read throughput [KB/s],1378477758,1378477758
3,Disk read throughput [KB/s],1378518861,1378518861
3,Disk read throughput [KB/s],1378529662,1378529662
3,Disk read throughput [KB/s],1378586368,1378586368
3,Disk read throughput [KB/s],1378605269,1378605269
3,Disk read throughput [KB/s],1378640973,1378640973
3,Disk read throughput [KB/s],1378641573,1378641573
3,Disk read throughput [KB/s],1378691679,1378691679
3,Disk read throughput [KB/s],1378696479,1378696479
3,Disk read throughput [KB/s],1378753185,1378753185
3,Disk read throughput [KB/s],1378778087,1378778087
3,Disk read throughput [KB/s],1378800289,1378800289
3,Disk read throughput [KB/s],1378800889,1378800889
3,Disk read throughput [KB/s],1378825191,1378825191
3,Disk read throughput [KB/s],1378852794,1378853094
3,Disk read throughput [KB/s],1378864494,1378864494
3,Disk read throughput [KB/s],1378906798,1378906798
3,Disk write throughput [KB/s],1376348448,1376348448
3,Disk write throughput [KB/s],1376434856,1376434856
3,Disk write throughput [KB/s],1376460959,1376460959
3,Disk write throughput [KB/s],1376507763,1376507763
3,Disk write throughput [KB/s],1376521265,1376521265
3,Disk write throughput [KB/s],1376557868,1376557868
3,Disk write throughput [KB/s],1376607672,1376607672
3,Disk write throughput [KB/s],1376694080,1376694080
3,Disk write throughput [KB/s],1376780491,1376780491
3,Disk write throughput [KB/s],1376866899,1376866899
3,Disk write throughput [KB/s],1376953309,1376953309
3,Disk write throughput [KB/s],1377039729,1377039729
3,Disk write throughput [KB/s],1377123737,1377123737
3,Disk write throughput [KB/s],1377126137,1377126137
3,Disk write throughput [KB/s],1377212545,1377212545
3,Disk write throughput [KB/s],1377298952,1377298952
3,Disk write throughput [KB/s],1377385360,1377385360
3,Disk write throughput [KB/s],1377471767,1377471767
3,Disk write throughput [KB/s],1377558174,1377558174
3,Disk write throughput [KB/s],1377644581,1377644581
3,Disk write throughput [KB/s],1377730987,1377730987
3,Disk write throughput [KB/s],1377817395,1377817395
3,Disk write throughput [KB/s],1377903802,1377903802
3,Disk write throughput [KB/s],1377989008,1377989008
3,Disk write throughput [KB/s],1377990209,1377990209
3,Disk write throughput [KB/s],1378076618,1378076618
3,Disk write throughput [KB/s],1378163025,1378163025
3,Disk write throughput [KB/s],1378249435,1378249435
3,Disk write throughput [KB/s],1378335844,1378335844
3,Disk write throughput [KB/s],1378422252,1378422252
3,Disk write throughput [KB/s],1378508661,1378508661
3,Disk write throughput [KB/s],1378595069,1378595069
3,Disk write throughput [KB/s],1378681478,1378681478
3,Disk write throughput [KB/s],1378767885,1378767885
3,Disk write throughput [KB/s],1378852794,1378852794
3,Disk write throughput [KB/s],1378854294,1378854294
3,Disk write throughput [KB/s],1378906798,1378906798
3,Network received throughput [KB/s],1376507763,1376507763
3,Network received throughput [KB/s],1378824891,1378824891
3,Network received throughput [KB/s],1378825491,1378825491
3,Network transmitted throughput [KB/s],1376315146,1376315146
3,Network transmitted throughput [KB/s],1376397952,1376403953
3,Network transmitted throughput [KB/s],1376409054,1376418655
3,Network transmitted throughput [KB/s],1376459159,1376459159
3,Network transmitted throughput [KB/s],1376460959,1376460959
3,Network transmitted throughput [KB/s],1377617279,1377625679
3,Network transmitted throughput [KB/s],1377626279,1377626579
3,Network transmitted throughput [KB/s],1377886700,1378007911
3,Network transmitted throughput [KB/s],1378008511,1378011511
3,Network transmitted throughput [KB/s],1378012111,1378015111
3,Network transmitted throughput [KB/s],1378015711,1378018711
3,Network transmitted throughput [KB/s],1378019312,1378029513
3,Network transmitted throughput [KB/s],1378030113,1378036714
3,Network transmitted throughput [KB/s],1378037314,1378043615
3,Network transmitted throughput [KB/s],1378740583,1378763386
3,Network transmitted throughput [KB/s],1378817390,1378817690
3,Network transmitted throughput [KB/s],1378818890,1378818890
3,Network transmitted throughput [KB/s],1378822491,1378822491
3,Network transmitted throughput [KB/s],1378824591,1378826391
4,CPU cores,1377617279,1377780492
4,CPU capacity provisioned [MHZ],1377617279,1377780492
4,CPU usage [MHZ],1377617879,1377627179
4,CPU usage [MHZ],1377696184,1377697685
4,CPU usage [MHZ],1377699185,1377701585
4,CPU usage [MHZ],1377764890,1377764890
4,CPU usage [MHZ],1377768791,1377768791
4,CPU usage [MHZ],1377770891,1377770891
4,CPU usage [%],1377617879,1377627179
4,CPU usage [%],1377696184,1377697685
4,CPU usage [%],1377699185,1377701585
4,CPU usage [%],1377764890,1377764890
4,CPU usage [%],1377768791,1377768791
4,CPU usage [%],1377770891,1377770891
4,Memory capacity provisioned [KB],1377617279,1377781092
4,Memory usage [KB],1377617279,1377627479
4,Memory usage [KB],1377667983,1377668283
4,Memory usage [KB],1377696484,1377697985
4,Memory usage [KB],1377699185,1377701885
4,Memory usage [KB],1377720486,1377720486
4,Memory usage [KB],1377764890,1377764890
4,Memory usage [KB],1377768791,1377768791
4,Memory usage [KB],1377770891,1377770891
4,Memory usage [KB],1377775691,1377775691
4,Disk read throughput [KB/s],1377617279,1377618779
4,Disk read throughput [KB/s],1377667983,1377667983
4,Disk read throughput [KB/s],1377720486,1377720486
4,Disk read throughput [KB/s],1377729187,1377729187
4,Disk read throughput [KB/s],1377775391,1377775391
4,Disk write throughput [KB/s],1377617579,1377625079
4,Network received throughput [KB/s],1377617579,1377617879
4,Network received throughput [KB/s],1377625379,1377625379
4,Network received throughput [KB/s],1377626279,1377627179
4,Network received throughput [KB/s],1377696184,1377696184
4,Network received throughput [KB/s],1377699185,1377699185
4,Network received throughput [KB/s],1377764590,1377764590
4,Network received throughput [KB/s],1377768491,1377768791
4,Network received throughput [KB/s],1377770591,1377770591
4,Network transmitted throughput [KB/s],1377617579,1377618479
4,Network transmitted throughput [KB/s],1377619079,1377619079
4,Network transmitted throughput [KB/s],1377620279,1377620579
4,Network transmitted throughput [KB/s],1377623279,1377623279
4,Network transmitted throughput [KB/s],1377624479,1377624479
4,Network transmitted throughput [KB/s],1377625379,1377627179
4,Network transmitted throughput [KB/s],1377696184,1377697685
4,Network transmitted throughput [KB/s],1377699185,1377701285
4,Network transmitted throughput [KB/s],1377764590,1377764890
4,Network transmitted throughput [KB/s],1377768791,1377768791
4,Network transmitted throughput [KB/s],1377770591,1377770891
5,CPU cores,1377617279,1377780492
5,CPU capacity provisioned [MHZ],1377617279,1377780492
5,CPU usage [MHZ],1377617879,1377627179
5,CPU usage [MHZ],1377696184,1377697685
5,CPU usage [MHZ],1377699185,1377701585
5,CPU usage [MHZ],1377764890,1377764890
5,CPU usage [MHZ],1377768791,1377768791
5,CPU usage [MHZ],1377770891,1377770891
5,CPU usage [%],1377617879,1377627179
5,CPU usage [%],1377696184,1377697685
5,CPU usage [%],1377699185,1377701585
5,CPU usage [%],1377764890,1377764890
5,CPU usage [%],1377768791,1377768791
5,CPU usage [%],1377770891,1377770891
5,Memory capacity provisioned [KB],1377617279,1377781092
5,Memory usage [KB],1377617279,1377627479
5,Memory usage [KB],1377672183,1377672183
5,Memory usage [KB],1377696484,1377697985
5,Memory usage [KB],1377699185,1377701885
5,Memory usage [KB],1377721386,1377721386
5,Memory usage [KB],1377764890,1377764890
5,Memory usage [KB],1377768791,1377769091
5,Memory usage [KB],1377770891,1377770891
5,Memory usage [KB],1377774191,1377774191
5,Disk read throughput [KB/s],1377617279,1377618779
5,Disk read throughput [KB/s],1377671883,1377671883
5,Disk read throughput [KB/s],1377721086,1377721086
5,Disk read throughput [KB/s],1377729787,1377729787
5,Disk read throughput [KB/s],1377774191,1377774191
5,Disk write throughput [KB/s],1377617579,1377625079
5,Network received throughput [KB/s],1377617579,1377617879
5,Network received throughput [KB/s],1377625079,1377625379
5,Network received throughput [KB/s],1377626279,1377627179
5,Network received throughput [KB/s],1377696184,1377696184
5,Network received throughput [KB/s],1377699185,1377699185
5,Network received throughput [KB/s],1377764590,1377764590
5,Network received throughput [KB/s],1377768491,1377768791
5,Network received throughput [KB/s],1377770591,1377770591
5,Network transmitted throughput [KB/s],1377617579,1377618479
5,Network transmitted throughput [KB/s],1377619079,1377619079
5,Network transmitted throughput [KB/s],1377620579,1377620579
5,Network transmitted throughput [KB/s],1377621779,1377621779
5,Network transmitted throughput [KB/s],1377622979,1377622979
5,Network transmitted throughput [KB/s],1377624179,1377624179
5,Network transmitted throughput [KB/s],1377625079,1377627179
5,Network transmitted throughput [KB/s],1377696184,1377697685
5,Network transmitted throughput [KB/s],1377699185,1377701285
5,Network transmitted throughput [KB/s],1377764590,1377764890
5,Network transmitted throughput [KB/s],1377768791,1377768791
5,Network transmitted throughput [KB/s],1377770591,1377770891
6,CPU cores,1377617279,1377780492
6,CPU capacity provisioned [MHZ],1377617279,1377780492
6,CPU usage [MHZ],1377617579,1377627179
6,CPU usage [MHZ],1377696184,1377697685
6,CPU usage [MHZ],1377699185,1377701585
6,CPU usage [MHZ],1377768791,1377768791
6,CPU usage [MHZ],1377770891,1377770891
6,CPU usage [%],1377617579,1377627179
6,CPU usage [%],1377696184,1377697685
6,CPU usage [%],1377699185,1377701585
6,CPU usage [%],1377768791,1377768791
6,CPU usage [%],1377770891,1377770891
6,Memory capacity provisioned [KB],1377617579,1377781092
6,Memory usage [KB],1377617279,1377627479
6,Memory usage [KB],1377667983,1377667983
6,Memory usage [KB],1377696484,1377697685
6,Memory usage [KB],1377699185,1377701585
6,Memory usage [KB],1377722586,1377722586
6,Memory usage [KB],1377764890,1377764890
6,Memory usage [KB],1377768791,1377768791
6,Memory usage [KB],1377769991,1377769991
6,Memory usage [KB],1377770891,1377770891
6,Disk read throughput [KB/s],1377617579,1377619379
6,Disk read throughput [KB/s],1377667683,1377667683
6,Disk read throughput [KB/s],1377722586,1377722586
6,Disk read throughput [KB/s],1377729787,1377729787
6,Disk read throughput [KB/s],1377769691,1377769691
6,Disk write throughput [KB/s],1377617579,1377625079
6,Network received throughput [KB/s],1377617579,1377617879
6,Network received throughput [KB/s],1377626279,1377627179
6,Network received throughput [KB/s],1377696184,1377696184
6,Network received throughput [KB/s],1377699185,1377699185
6,Network received throughput [KB/s],1377764590,1377764590
6,Network received throughput [KB/s],1377768491,1377768791
6,Network received throughput [KB/s],1377770591,1377770591
6,Network transmitted throughput [KB/s],1377617579,1377618479
6,Network transmitted throughput [KB/s],1377619379,1377619379
6,Network transmitted throughput [KB/s],1377620579,1377620579
6,Network transmitted throughput [KB/s],1377622079,1377622079
6,Network transmitted throughput [KB/s],1377624479,1377624479
6,Network transmitted throughput [KB/s],1377625379,1377627179
6,Network transmitted throughput [KB/s],1377696184,1377697685
6,Network transmitted throughput [KB/s],1377699185,1377701285
6,Network transmitted throughput [KB/s],1377764590,1377764890
6,Network transmitted throughput [KB/s],1377768791,1377768791
6,Network transmitted throughput [KB/s],1377770891,1377770891
7,CPU cores,1377617279,1377780492
7,CPU capacity provisioned [MHZ],1377617279,1377780492
7,CPU usage [MHZ],1377617579,1377627179
7,CPU usage [MHZ],1377696484,1377697685
7,CPU usage [MHZ],1377699185,1377701285
7,CPU usage [MHZ],1377764890,1377764890
7,CPU usage [MHZ],1377768791,1377768791
7,CPU usage [MHZ],1377770891,1377770891
7,CPU usage [%],1377617579,1377627179
7,CPU usage [%],1377696484,1377697685
7,CPU usage [%],1377699185,1377701285
7,CPU usage [%],1377764890,1377764890
7,CPU usage [%],1377768791,1377768791
7,CPU usage [%],1377770891,1377770891
7,Memory capacity provisioned [KB],1377617279,1377781092
7,Memory usage [KB],1377617279,1377627479
7,Memory usage [KB],1377670683,1377670983
7,Memory usage [KB],1377696484,1377697985
7,Memory usage [KB],1377699185,1377701885
7,Memory usage [KB],1377719886,1377720186
7,Memory usage [KB],1377764890,1377764890
7,Memory usage [KB],1377768791,1377768791
7,Memory usage [KB],1377770891,1377771191
7,Memory usage [KB],1377775991,1377775991
7,Disk read throughput [KB/s],1377617279,1377618779
7,Disk read throughput [KB/s],1377670683,1377670683
7,Disk read throughput [KB/s],1377719886,1377719886
7,Disk read throughput [KB/s],1377731588,1377731588
7,Disk read throughput [KB/s],1377775691,1377775691
7,Disk write throughput [KB/s],1377617579,1377625079
7,Network received throughput [KB/s],1377617579,1377617879
7,Network received throughput [KB/s],1377625379,1377625379
7,Network received throughput [KB/s],1377626279,1377627179
7,Network received throughput [KB/s],1377696184,1377696184
7,Network received throughput [KB/s],1377699185,1377699185
7,Network received throughput [KB/s],1377764590,1377764590
7,Network received throughput [KB/s],1377768491,1377768791
7,Network received throughput [KB/s],1377770591,1377770591
7,Network transmitted throughput [KB/s],1377617579,1377618779
7,Network transmitted throughput [KB/s],1377619979,1377619979
7,Network transmitted throughput [KB/s],1377621179,1377621179
7,Network transmitted throughput [KB/s],1377622379,1377622379
7,Network transmitted throughput [KB/s],1377623279,1377623279
7,Network transmitted throughput [KB/s],1377623879,1377623879
7,Network transmitted throughput [KB/s],1377625079,1377627179
7,Network transmitted throughput [KB/s],1377696184,1377697685
7,Network transmitted throughput [KB/s],1377699185,1377701285
7,Network transmitted throughput [KB/s],1377764590,1377764890
7,Network transmitted throughput [KB/s],1377768791,1377768791
7,Network transmitted throughput [KB/s],1377770891,1377770891
8,CPU cores,1377617279,1377780492
8,CPU capacity provisioned [MHZ],1377617279,1377780492
8,CPU usage [MHZ],1377617879,1377627179
8,CPU usage [MHZ],1377696184,1377697685
8,CPU usage [MHZ],1377699185,1377701585
8,CPU usage [MHZ],1377764890,1377764890
8,CPU usage [MHZ],1377768791,1377768791
8,CPU usage [MHZ],1377770891,1377770891
8,CPU usage [%],1377617879,1377627179
8,CPU usage [%],1377696184,1377697685
8,CPU usage [%],1377699185,1377701585
8,CPU usage [%],1377764890,1377764890
8,CPU usage [%],1377768791,1377768791
8,CPU usage [%],1377770891,1377770891
8,Memory capacity provisioned [KB],1377617279,1377781092
8,Memory usage [KB],1377617279,1377627479
8,Memory usage [KB],1377668883,1377668883
8,Memory usage [KB],1377696484,1377697685
8,Memory usage [KB],1377699185,1377701885
8,Memory usage [KB],1377764890,1377764890
8,Memory usage [KB],1377768791,1377768791
8,Memory usage [KB],1377770891,1377770891
8,Memory usage [KB],1377780492,1377781092
8,Disk read throughput [KB/s],1377617279,1377618779
8,Disk read throughput [KB/s],1377668583,1377668583
8,Disk read throughput [KB/s],1377725287,1377725287
8,Disk read throughput [KB/s],1377732188,1377732188
8,Disk read throughput [KB/s],1377780492,1377780492
8,Disk write throughput [KB/s],1377617579,1377625079
8,Network received throughput [KB/s],1377617579,1377617879
8,Network received throughput [KB/s],1377625079,1377625379
8,Network received throughput [KB/s],1377626279,1377627179
8,Network received throughput [KB/s],1377696184,1377696184
8,Network received throughput [KB/s],1377699185,1377699185
8,Network received throughput [KB/s],1377764590,1377764590
8,Network received throughput [KB/s],1377768491,1377768791
8,Network received throughput [KB/s],1377770591,1377770591
8,Network transmitted throughput [KB/s],1377617579,1377618779
8,Network transmitted throughput [KB/s],1377620279,1377620279
8,Network transmitted throughput [KB/s],1377621479,1377621479
8,Network transmitted throughput [KB/s],1377622679,1377622679
8,Network transmitted throughput [KB/s],1377623879,1377623879
8,Network transmitted throughput [KB/s],1377625079,1377627179
8,Network transmitted throughput [KB/s],1377696184,1377697685
8,Network transmitted throughput [KB/s],1377699185,1377701285
8,Network transmitted throughput [KB/s],1377764590,1377764890
8,Network transmitted throughput [KB/s],1377768791,1377768791
8,Network transmitted throughput [KB/s],1377770891,1377770891
9,CPU cores,1377617279,1377780492
9,CPU capacity provisioned [MHZ],1377617279,1377780492
9,CPU usage [MHZ],1377617879,1377627179
9,CPU usage [MHZ],1377696484,1377697685
9,CPU usage [MHZ],1377699185,1377701285
9,CPU usage [MHZ],1377764890,1377764890
9,CPU usage [MHZ],1377768791,1377768791
9,CPU usage [MHZ],1377770891,1377770891
9,CPU usage [%],1377617879,1377627179
9,CPU usage [%],1377696484,1377697685
9,CPU usage [%],1377699185,1377701285
9,CPU usage [%],1377764890,1377764890
9,CPU usage [%],1377768791,1377768791
9,CPU usage [%],1377770891,1377770891
9,Memory capacity provisioned [KB],1377617279,1377781092
9,Memory usage [KB],1377617279,1377627479
9,Memory usage [KB],1377667683,1377667983
9,Memory usage [KB],1377696484,1377697985
9,Memory usage [KB],1377699185,1377701885
9,Memory usage [KB],1377721386,1377721386
9,Memory usage [KB],1377764890,1377764890
9,Memory usage [KB],1377768791,1377768791
9,Memory usage [KB],1377770891,1377770891
9,Memory usage [KB],1377777192,1377777192
9,Disk read throughput [KB/s],1377617279,1377618779
9,Disk read throughput [KB/s],1377667683,1377667683
9,Disk read throughput [KB/s],1377721086,1377721086
9,Disk read throughput [KB/s],1377732188,1377732188
9,Disk read throughput [KB/s],1377776892,1377776892
9,Disk write throughput [KB/s],1377617579,1377625079
9,Network received throughput [KB/s],1377617579,1377617879
9,Network received throughput [KB/s],1377625079,1377625379
9,Network received throughput [KB/s],1377626279,1377627179
9,Network received throughput [KB/s],1377696184,1377696184
9,Network received throughput [KB/s],1377699185,1377699185
9,Network received throughput [KB/s],1377764590,1377764590
9,Network received throughput [KB/s],1377768491,1377768791
9,Network received throughput [KB/s],1377770591,1377770591
9,Network transmitted throughput [KB/s],1377617579,1377618779
9,Network transmitted throughput [KB/s],1377621179,1377621179
9,Network transmitted throughput [KB/s],1377625379,1377627179
9,Network transmitted throughput [KB/s],1377696184,1377697685
9,Network transmitted throughput [KB/s],1377699185,1377701285
9,Network transmitted throughput [KB/s],1377764590,1377764890
9,Network transmitted throughput [KB/s],1377768791,1377768791
9,Network transmitted throughput [KB/s],1377770891,1377770891
10,CPU cores,1377617279,1377780492
10,CPU capacity provisioned [MHZ],1377617279,1377780492
10,CPU usage [MHZ],1377617579,1377627179
10,CPU usage [MHZ],1377696184,1377697685
10,CPU usage [MHZ],1377699185,1377701585
10,CPU usage [MHZ],1377764890,1377764890
10,CPU usage [MHZ],1377768791,1377768791
10,CPU usage [%],1377617579,1377627179
10,CPU usage [%],1377696184,1377697685
10,CPU usage [%],1377699185,1377701585
10,CPU usage [%],1377764890,1377764890
10,CPU usage [%],1377768791,1377768791
10,Memory capacity provisioned [KB],1377617279,1377781092
10,Memory usage [KB],1377617279,1377627479
10,Memory usage [KB],1377670083,1377670083
10,Memory usage [KB],1377696484,1377697985
10,Memory usage [KB],1377699185,1377701885
10,Memory usage [KB],1377716887,1377716887
10,Memory usage [KB],1377764890,1377764890
10,Memory usage [KB],1377768791,1377768791
10,Memory usage [KB],1377769391,1377769691
10,Memory usage [KB],1377770891,1377770891
10,Disk read throughput [KB/s],1377617279,1377618779
10,Disk read throughput [KB/s],1377669783,1377669783
10,Disk read throughput [KB/s],1377716887,1377716887
10,Disk read throughput [KB/s],1377729487,1377729487
10,Disk read throughput [KB/s],1377769391,1377769391
10,Disk write throughput [KB/s],1377617579,1377625079
10,Network received throughput [KB/s],1377617579,1377617879
10,Network received throughput [KB/s],1377625079,1377625379
10,Network received throughput [KB/s],1377626279,1377627179
10,Network received throughput [KB/s],1377696184,1377696184
10,Network received throughput [KB/s],1377699185,1377699185
10,Network received throughput [KB/s],1377764590,1377764590
10,Network received throughput [KB/s],1377768491,1377768791
10,Network received throughput [KB/s],1377770591,1377770591
10,Network transmitted throughput [KB/s],1377617579,1377618779
10,Network transmitted throughput [KB/s],1377620279,1377620279
10,Network transmitted throughput [KB/s],1377621479,1377621479
10,Network transmitted throughput [KB/s],1377622679,1377622979
10,Network transmitted throughput [KB/s],1377624179,1377624179
10,Network transmitted throughput [KB/s],1377625079,1377627179
10,Network transmitted throughput [KB/s],1377696184,1377697685
10,Network transmitted throughput [KB/s],1377699185,1377701285
10,Network transmitted throughput [KB/s],1377764590,1377764890
10,Network transmitted throughput [KB/s],1377768791,1377768791
10,Network transmitted throughput [KB/s],1377770591,1377770591
